"HOTEL_ID","CITY","HOTEL_NAME","ADDRESS","DESCRIPTION","AVG_RATE_PER_NIGHT","PHONE_NO1","PHONE_NO2","RATING","EMAIL","FAX"
"201","banglore","kruthinga","whitefields","luxury","1000","7658905436","52896314","4","kruthinga@gmail","1478523"
"202","chennai","swagath","suprabarath","ac","2000","2589631478","14789632","3","swagath@gmail","4785236"
"203","pune","pridehomes","marthali","non_ac","1500","6754678905","41253698","5","pride@hotmail","2589634"
"204","hyderabad","paradise","hitech","superluxury","2500","4567891234","48236745","3","paradise@hotmail","8963254"
"205","mumbai","tajhotel","lbnagar","ac","1000","5678345257","14785214","4","tajhotel@gmail","1478523"
